<?xml version="1.0" encoding="UTF-8"?>
<launch4jConfig>
  <dontWrapJar>false</dontWrapJar>
  <headerType>gui</headerType>
  <jar>C:\Users\valep\OneDrive\Desktop\Progetto Libreria\LibreriaGuiValerioPiccinini\out\artifacts\LibriGuiBigProgettoValerioPiccinini_jar\LibriGuiBigProgettoValerioPiccinini.jar</jar>
  <outfile>IronShelf.exe</outfile>
  <errTitle></errTitle>
  <cmdLine></cmdLine>
  <chdir>.</chdir>
  <priority>normal</priority>
  <downloadUrl></downloadUrl>
  <supportUrl></supportUrl>
  <stayAlive>false</stayAlive>
  <restartOnCrash>false</restartOnCrash>
  <manifest></manifest>
  <icon>C:\Users\valep\OneDrive\Desktop\Progetto Libreria\Database\IronShelf.ico</icon>
  <jre>
    <path>C:\Program Files\Microsoft\jdk-11.0.16.101-hotspot</path>
    <requiresJdk>false</requiresJdk>
    <requires64Bit>true</requires64Bit>
    <minVersion>11.0</minVersion>
    <maxVersion>17.0</maxVersion>
  </jre>
</launch4jConfig>